NC_078312	2848071	['Boa constrictor']
NC_077807	3052303	['Chlorocebus aethiops', 'Homo sapiens', 'Mesocricetus auratus', 'Mus musculus']
NC_079107	3070833	['Mastomys natalensis']
NC_079037	3070918	['Boa constrictor']
NC_079032	2970745	['Boa constrictor']
NC_079022	2824520	['root']
NC_078697	3070923	['Mus triton']
NC_078696	3070199	['Micaelamys namaquensis']
NC_078316	2847049	['Boa constrictor']
NC_078292	2847814	['Grammomys macmillani']
NC_078285	2587489	['Oncorhynchus tshawytscha']
NC_078106	2847047	['root']
NC_078102	2201415	['Apodemus chevrieri']
NC_055445	2447921	['Boa constrictor']
NC_055443	2447920	['Boa constrictor']
NC_055442	2447916	['Boa constrictor']
NC_055439	2267561	['Mesomys hispidus', 'Neacomys spinosus', 'Euryoryzomys macconnelli', 'Hylaeamys yunganus', 'Hylaeamys perenensis', 'Oecomys sp.', 'Pseudohydromys musseri']
NC_040762	2850049	['Oligoryzomys mattogrossae']
NC_040464	2116467	['Antennarius striatus']
NC_040427	2116466	['Antennarius striatus']
NC_043444	1672380	['Boa constrictor']
NC_039009	3052326	['Mus caroli']
NC_039005	1672385	['Boa constrictor']
NC_039012	2010246	['Praomys']
NC_039007	1672384	['Boa constrictor']
NC_038367	1518603	['Grammomys sp.']
NC_038364	3052313	['Bandicota sp.']
NC_027135	3052321	['Micaelamys namaquensis']
NC_027134	3052318	['Micaelamys namaquensis']
NC_026246	3052306	['Mastomys natalensis']
NC_026018	3052330	['Rattus norvegicus']
NC_023766	1382279	['Boa constrictor']
NC_023764	3052319	['Otomys unisulcatus']
NC_023761	1303019	['Boa constrictor']
NC_018710	1134579	['Mus minutoides']
NC_018483	1223562	['Boa constrictor']
NC_018481	1223561	['Corallus annulatus']
NC_016152	3052315	['Mastomys natalensis']
NC_013057	573900	['Mastomys natalensis']
NC_012776	3052314	['Homo sapiens']
NC_010756	2905947	['Sooretamys angouya', 'Parana']
NC_010758	3052311	['Calomys callosus']
NC_010757	3052305	['Oryzomys sp.']
NC_010701	3052329	['Sigmodon hispidus']
NC_010700	3052331	['Chlorocebus aethiops', 'Neotoma albigula']
NC_010562	3052302	['Homo sapiens']
NC_010253	144752	['Oecomys bicolor', 'Oecomys roberti']
NC_010247	2886894	['Chlorocebus aethiops', 'Mus musculus']
NC_010254	3052304	['Chlorocebus aethiops', 'Hylaeamys megacephalus']
NC_010256	3052298	['Peromyscus californicus']
NC_010248	3052322	['Necromys']
NC_007905	3052308	['Praomys']
NC_007903	3052325	['Praomys']
NC_006575	300175	['Mastomys natalensis']
NC_006573	300180	['Chlorocebus aethiops']
NC_006447	2905917	['Homo sapiens', 'Cavia cutleri', 'Nephelomys albigularis']
NC_005894	3052324	['Sigmodon alstoni']
NC_005077	3052307	['Homo sapiens', 'Zygodontomys brevicauda']
NC_005078	3052317	['Chlorocebus aethiops', 'Homo sapiens', 'Calomys callosus']
NC_005081	2169991	['Homo sapiens', 'Akodon azarae', 'Calomys laucha', 'Calomys musculinus', 'Necromys']
NC_004296	3052310	['Homo sapiens', 'Mastomys natalensis', 'Rattus']
NC_004293	3052328	['Artibeus']
NC_004294	3052303	['Chlorocebus aethiops', 'Homo sapiens', 'Mesocricetus auratus', 'Mus musculus']
NC_076697	2587487	['Oncorhynchus tshawytscha']
NC_076685	1906673	['Vespadelus regulus', 'Ozimops']
NC_076684	1906673	['Vespadelus regulus', 'Ozimops']
NC_076629	2419667	['Desmodus rotundus', 'Myotis daubentonii']
NC_055953	2419667	['Desmodus rotundus', 'Myotis daubentonii']
NC_054015	2586420	['Tylonycteris robustula']
NC_054004	2691598	['Hipposideros larvatus']
NC_054003	1906673	['Vespadelus regulus', 'Ozimops']
NC_048214	300188	['Anas platyrhynchos']
NC_048211	1508228	['Suncus murinus']
NC_046965	2569586	['Anser caerulescens', 'Branta canadensis']
NC_046964	2492658	['Pipistrellus kuhlii']
NC_032730	1508224	['Rattus norvegicus']
NC_030292	1264898	['Mustela putorius', 'Mustela putorius furo']
NC_018871	1241933	['Chiroptera']
NC_016992	1159906	['Passeridae']
NC_016996	1159902	['Gallinula chloropus']
NC_016995	1159908	['Mareca penelope']
NC_016993	1159903	['Muscicapidae', 'Copsychus saularis']
NC_014470	864596	['Rhinolophus blasii']
NC_010438	694001	['Miniopterus']
NC_009988	693998	['Rhinolophus sinicus']
NC_009657	693999	['Scotophilus kuhlii']
NC_028752	1699095	['Camelus bactrianus', 'Camelus dromedarius']
NC_005831	277944	['Homo sapiens']
NC_035191	1508228	['Suncus murinus']
NC_039208	1159905	['Sus scrofa']
NC_016991	1159907	['Zosteropidae']
NC_002645	11137	['Homo sapiens']
NC_048212	1508220	['root']
NC_038294	1263720	['Homo sapiens']
NC_009021	694006	['Chiroptera', 'Rousettus leschenaultii']
NC_034440	1508220	['root']
NC_009020	694008	['Chiroptera', 'Pipistrellus abramus']
NC_009019	694007	['Chiroptera', 'Tylonycteris pachypus']
NC_006577	290028	['Homo sapiens']
NC_004718	227984	['Chlorocebus aethiops', 'Macaca mulatta', 'Homo sapiens', 'Paguma larvata']
NC_026011	1590370	['Rattus norvegicus']
NC_017083	1160968	['Oryctolagus cuniculus']
NC_001846	11138	['Mus musculus']
NC_046954	2050018	['Myodes rufocanus']
NC_012936	502102	['Rattus', 'Rattus norvegicus']
NC_003045	11128	['Bos taurus']
NC_048217	11138	['Mus musculus']
NC_006213	31631	['Homo sapiens']
NC_030886	1892416	['Rousettus leschenaultii']
NC_025217	1541205	['Hipposideros pratti']
NC_019843	1335626	['Homo sapiens', 'Camelus dromedarius']
NC_039207	1385427	['Erinaceus europaeus']
NC_045512	2697049	['Homo sapiens']
NC_048216	1920748	['Triaenops afer']
NC_048213	11120	['Gallus gallus']
NC_046955	2050019	['Sorex araneus']
NC_038861	11149	['Sus scrofa']
NC_011547	572288	['Pycnonotus sinensis', 'Pycnonotus jocosus']
NC_034972	1964806	['Apodemus chevrieri']
NC_032107	1920748	['Triaenops afer']
NC_028833	1503291	['Nyctalus plancyi velutinus']
NC_028824	1503293	['Rhinolophus ferrumequinum']
NC_028814	1503292	['Rhinolophus ferrumequinum']
NC_028811	1503289	['Myotis pilosus']
NC_028806	1766554	['Sus scrofa']
NC_023760	766791	['Neogale vison']
NC_022103	1384461	['Myotis lucifugus']
NC_016994	1159904	['Nycticorax']
NC_002306	11135	['Felidae']
NC_011550	572289	['Lonchura striata']
NC_011549	572290	['Turdus merula', 'Turdus hortulorum']
NC_010800	11152	['Meleagris gallopavo']
NC_010646	694015	['Delphinapterus leucas']
NC_010437	393767	['Miniopterus magnater']
NC_003436	28295	['Sus scrofa']
NC_001451	11120	['Gallus gallus']
OZ222062	186540	['Homo sapiens', 'Epomops franqueti', 'Myonycteris torquata']
KX371887	3052181	['Rousettus sp.']
DQ217792	33727	['Rousettus aegyptiacus', 'Chlorocebus aethiops', 'Homo sapiens']
MN510773	2675849	['Perca fluviatilis']
MN510772	2675848	['Perca fluviatilis']
BR001752	2840185	['Bothrops atrox']
MW775011	3052148	['Miniopterus schreibersii']
MW093492	2883639	['Perca fluviatilis']
MF319185	2010960	['Mops pumilus', 'Mops condylurus']
MG599981	2116488	['Thamnaconus septentrionalis']
MG599980	2116487	['Antennarius striatus']
LT605058	1570291	[]
KU182898	1570291	[]
LN877955	186538	['Homo sapiens', 'Epomops franqueti', 'Myonycteris torquata']
JN408064	1126254	['Homo sapiens']
JN638998	1216927	['Homo sapiens']
AF086833	128952	['Homo sapiens', 'Epomops franqueti', 'Myonycteris torquata']
JF828358	3052148	['Miniopterus schreibersii']
FJ217162	186541	['Homo sapiens']
AF522874	186539	['Homo sapiens', 'Sus scrofa', 'Epomops franqueti', 'Myonycteris torquata']
FJ217161	565995	['Homo sapiens']
DQ447653	378830	['Rousettus aegyptiacus', 'Chlorocebus aethiops', 'Homo sapiens']
AY729654	186540	['Homo sapiens', 'Epomops franqueti', 'Myonycteris torquata']
AB050936	129003	['Cercopithecidae']
EF446132	448086	['Chlorocebus aethiops', 'Cavia porcellus']
DQ447650	378831	['Homo sapiens']
DQ447649	378809	['Rousettus aegyptiacus', 'Chlorocebus aethiops', 'Homo sapiens']
NC_077024	2713211	['Amblyomma javanense']
NC_077026	2653709	['Phocoena phocoena']
NC_077023	31657	['Ovis aries']
NC_077015	2487338	['Scotophilus kuhlii']
NC_077001	2050021	['Niviventer niviventer', 'Apodemus peninsulae']
NC_077000	2050021	['Niviventer niviventer', 'Apodemus peninsulae']
NC_076032	54315	['Bos taurus']
NC_076029	31656	['Bos taurus']
NC_074787	3052610	['Saguinus labiatus']
NC_074786	1354498	['Colobus guereza']
NC_074778	64319	['Culex nebulosus']
NC_074777	64894	['Cynopterus brachyotis']
NC_038882	63746	['Homo sapiens']
NC_043110	38837	['Homo sapiens', 'Mastomys natalensis', 'Cricetinae gen. sp.', 'Culex rubinotus']
NC_040815	2202225	['Spermophilus dauricus']
NC_040645	2304510	['root']
NC_040589	1678179	['Bacillariophyta']
NC_040555	2050971	['Cyclopterus lumpus']
NC_031947	1325446	['Otomops martiensseni']
NC_021153	1281454	['Peromyscus maniculatus']
NC_031950	1354498	['Colobus guereza']
NC_012532	64320	['Aedes albopictus', 'Chlorocebus aethiops', 'Macaca mulatta', 'Homo sapiens', 'Helarctos malayanus', 'Mus musculus', 'Aedes taylori', 'Aedes africanus']
NC_009942	11082	['Aedes sp.', 'Anopheles amictus', 'Culex annulirostris']
NC_001563	11082	['Aedes sp.', 'Anopheles amictus', 'Culex annulirostris']
NC_025673	1562039	['Rattus norvegicus']
NC_038432	3052226	['Bos taurus']
NC_038430	3052231	['Macronycteris vittatus']
NC_038428	3052238	['Rhabdomys pumilio']
NC_038427	3052232	['Myodes glareolus']
NC_038426	3052236	['Homo sapiens']
NC_031916	3052239	['Macronycteris vittatus']
NC_026797	1633878	['Bos taurus']
NC_025672	1562038	['Rattus norvegicus']
NC_001475	11069	['']
NC_001474	11060	['Aedes aegypti', 'Erythrocebus patas', 'Homo sapiens', 'Aedes furcifer', 'Aedes taylori']
NC_004102	41856	['Homo sapiens']
NC_002640	11070	['Aedes aegypti', 'Aedes albopictus', 'Homo sapiens', 'Aedes polynesiensis']
NC_043118	64302	[]
NC_043117	64301	[]
NC_043116	44025	[]
NC_043115	64291	[]
NC_043114	64282	[]
NC_043113	64298	[]
NC_043112	64289	[]
NC_043111	64281	[]
NC_038431	3052234	['Otomops martiensseni']
NC_038425	1605403	['Equus caballus']
NC_024889	1416349	['Equus caballus']
NC_024018	188938	['Antilocapra americana']
NC_012735	164416	['Homo sapiens', 'Rattus rattus']
NC_012534	64290	['Culicidae', 'Mus musculus']
NC_012533	64311	['Culicidae', 'Anopheles cruzii', 'Anopheles moucheti']
NC_040788	2045186	['Anopheles tessellatus']
NC_040776	64315	['Culex', 'Homo sapiens']
NC_040682	1244563	['Aedes albopictus', 'Chlorocebus aethiops', 'Anopheles vagus']
NC_040610	1254420	['Aedes albopictus', 'Melanoconion']
NC_030791	1544901	['Homo sapiens']
NC_039219	64288	['Homo sapiens']
NC_039218	33743	['Homo sapiens', 'Hyalomma dromedarii', 'Ornithodoros savignyi', 'Semnopithecus entellus']
NC_035889	64320	['Aedes albopictus', 'Chlorocebus aethiops', 'Macaca mulatta', 'Homo sapiens', 'Helarctos malayanus', 'Mus musculus', 'Aedes taylori', 'Aedes africanus']
NC_034151	577122	['Culex quinquefasciatus']
NC_034242	1244565	['Ochlerotatus caspius']
NC_034018	64319	['Culex nebulosus']
NC_034007	64894	['Cynopterus brachyotis']
NC_033726	40012	['Aves', 'Homo sapiens']
NC_033724	64310	['Homo sapiens', 'Mammalia']
NC_033723	64307	['Aves', 'Homo sapiens']
NC_032088	499854	['Culicidae', 'Anopheles cruzii', 'Culex annulirostris', 'Anopheles moucheti']
NC_030401	1125677	['Aedes vexans', 'Anopheles cruzii', 'Ochlerotatus caspius', 'Ochlerotatus detritus', 'Anopheles moucheti']
NC_027819	1708574	['Culex sp.']
NC_027817	1708654	['Ochlerotatus vigilax']
NC_026623	64305	['Homo sapiens', 'Formicarius analis']
NC_018705	64292	['Homo sapiens', 'Mus musculus']
NC_017086	631267	['Aedes albopictus', 'Aedes vexans', 'Culex pipiens', 'Armigeres subalbatus', 'Aedes bekkui']
NC_016997	985683	['Aedes sp.']
NC_009028	59563	['Culex', 'Haemagogus', 'Psorophora', 'Aves', 'Homo sapiens', 'Aedes sp.', 'Sabethes', 'Molothrus bonariensis', 'Ochlerotatus', 'Sporophila caerulescens', 'Trichoprosopon']
NC_009029	44024	['Aedes albopictus', 'Macropus', 'Wallabia', 'Homo sapiens', 'Culex annulirostris', 'Ochlerotatus vigilax', 'Ochlerotatus camptorhynchus']
NC_012932	390845	['Aedes albopictus']
NC_012671	643132	['Culex tritaeniorhynchus', 'Anopheles sinensis']
NC_008604	390844	['Culex pipiens']
NC_007580	11080	['Culicidae', 'Culex quinquefasciatus', 'Dromaius novaehollandiae', 'Dasypodidae', 'Homo sapiens', 'Culex nigripalpus', 'Passer domesticus']
NC_006551	64286	['Aedes albopictus', 'Culex pipiens', 'Turdus merula', 'Homo sapiens', 'Anopheles maculipennis', 'Ochlerotatus caspius', 'Coquillettidia aurites', 'Mansonia africana', 'Culex neavei', 'Culex perexiguus']
NC_005064	218849	['Aedes']
NC_001437	11072	['Culex tritaeniorhynchus', 'Ardeidae', 'Homo sapiens', 'Equus caballus', 'Sus scrofa', 'Bos taurus', 'Culex gelidus']
NC_038429	3052229	['Myodes glareolus']
NC_029054	64314	['']
NC_033721	35279	['Aves', 'Homo sapiens']
NC_033715	486494	['Uranotaenia mashonaensis']
NC_033699	64309	['Cynopterus brachyotis']
NC_033698	64297	['Mus musculus', 'Saxicola rubetra']
NC_033697	64284	['Mus musculus', 'Jaculus jaculus', 'Arvicanthis niloticus', 'Mastomys sp.', 'Gerbilliscus kempi']
NC_033694	1302179	['Coquillettidia xanthogaster']
NC_033693	64295	['Antilocapra', 'Rodentia', 'Cercopithecus nictitans', 'Papio papio']
NC_030289	64296	['Macropodidae']
NC_027999	1566298	['Psathyromyia abonnenci']
NC_027709	1691889	['Capra hircus']
NC_026624	64317	['Pipistrellus pipistrellus']
NC_026620	64299	['Sigmodon hispidus']
NC_023439	1456752	['Ixodes lividus']
NC_023424	40004	['Ixodes uriae']
NC_021069	673515	['Culex tritaeniorhynchus']
NC_008718	64283	['Mops pumilus']
NC_008719	44026	['Culicidae', 'Anopheles cruzii', 'Anopheles moucheti']
NC_005062	12542	['Ixodes', 'Homo sapiens', 'Ondatra zibethicus', 'Dermacentor reticulatus', 'Arvicola amphibius']
NC_004119	64312	['Myotis lucifugus']
NC_003996	161675	['Chlorocebus aethiops', 'Mus musculus', 'Pteronotus parnellii']
NC_003690	11085	['Homo sapiens', 'Mus']
NC_003687	11083	['Ixodes scapularis', 'Homo sapiens', 'Marmota monax', 'Ixodes spinipalpis', 'Dermacentor andersoni', 'Ixodes cookei', 'Lepus americanus']
NC_003675	64285	['Homo sapiens', 'Eptesicus fuscus', 'Tadarida brasiliensis mexicana', 'Molossus ater']
NC_003676	64280	['Apodemus argenteus', 'Apodemus speciosus']
NC_003635	64300	['Homo sapiens', 'Peromyscus maniculatus']
NC_000943	11079	['Homo sapiens', 'Culex annulirostris']
NC_001809	11086	['Homo sapiens', 'Canis lupus familiaris', 'Equus caballus', 'Sus scrofa', 'Bos taurus', 'Ovis aries', 'Ixodes ricinus', 'Cervinae']
NC_001672	11084	['Homo sapiens', 'Mus musculus', 'Ixodes ricinus', 'Ixodes persulcatus']
NC_001655	2847087	['Callithrix jacchus', 'Saguinus']
NC_002031	11089	['Aedes aegypti', 'Aedes simpsoni', 'Homo sapiens', 'Aedes furcifer', 'Aedes taylori', 'Aedes luteocephalus', 'Aedes africanus', 'Aedes bromeliae']
NC_009824	356114	['Homo sapiens']
NC_009827	42182	['Homo sapiens']
NC_009823	40271	['Pan troglodytes']
NC_009826	33746	['Homo sapiens']
NC_009825	33745	['Homo sapiens']
NC_001477	11053	['Aedes aegypti', 'Aedes albopictus', 'Homo sapiens']
NC_034204	1963247	['Aedes albopictus', 'Anopheles cruzii', 'Anopheles moucheti']
NC_039237	54315	['Bos taurus']
NC_038964	1689785	['Sus scrofa domesticus']
NC_038912	358769	['Sus scrofa']
NC_038437	3052613	['Sturnira lilium']
NC_038436	1704090	['Homo sapiens']
NC_038435	3052612	['Yinpterochiroptera']
NC_038434	3052605	['Phyllostomidae']
NC_038433	1307119	['Equus caballus']
NC_035432	2014960	['Sus scrofa domesticus']
NC_035187	1969400	['Anopheles farauti']
NC_035118	1969397	['Anopheles meraukensis']
NC_035071	1983570	['root']
NC_034442	3052614	['Sus scrofa domesticus']
NC_034225	1172985	['Rhipicephalus microplus', 'Chlorocebus aethiops', 'Mesocricetus auratus']
NC_034224	1172985	['Rhipicephalus microplus', 'Chlorocebus aethiops', 'Mesocricetus auratus']
NC_034223	1172985	['Rhipicephalus microplus', 'Chlorocebus aethiops', 'Mesocricetus auratus']
NC_034222	1172985	['Rhipicephalus microplus', 'Chlorocebus aethiops', 'Mesocricetus auratus']
NC_034017	1821227	['Aedes albopictus']
NC_033725	1805494	['Aedes albopictus', 'Culex tarsalis', 'Didelphis virginiana', 'Homo sapiens', 'Mesocricetus auratus', 'Culex annulirostris', 'Culex sitiens']
NC_031327	1903340	['root']
NC_024299	1286143	['Culex sp.']
NC_030653	1873455	['Sus scrofa domesticus']
NC_030400	667516	['Mansonia africana']
NC_001564	31658	['Aedes aegypti', 'Aedes albopictus']
NC_030290	1821222	['Culiseta melanura']
NC_030291	2847088	['Pteropus vampyrus']
NC_027998	1729141	['Homo sapiens']
NC_028402	1746070	['root']
NC_028401	1746070	['root']
NC_028400	1746070	['root']
NC_028399	1746071	['Ctenocephalides felis']
NC_028398	1746071	['Ctenocephalides felis']
NC_028397	1746063	['Psychoda alternata', 'Diptera sp.', 'Chrysopidae sp.']
NC_028396	1746063	['Psychoda alternata', 'Diptera sp.', 'Chrysopidae sp.']
NC_028395	1746070	['root']
NC_028394	1746071	['Ctenocephalides felis']
NC_028393	1746071	['Ctenocephalides felis']
NC_028392	1746063	['Psychoda alternata', 'Diptera sp.', 'Chrysopidae sp.']
NC_028391	1746063	['Psychoda alternata', 'Diptera sp.', 'Chrysopidae sp.']
NC_028389	1746067	['Hyalopterus pruni']
NC_028388	1746067	['Hyalopterus pruni']
NC_028387	1746068	['Hyalopterus pruni', 'Aulacorthum magnoliae']
NC_028386	1746068	['Hyalopterus pruni', 'Aulacorthum magnoliae']
NC_028385	1746067	['Hyalopterus pruni']
NC_028384	1746067	['Hyalopterus pruni']
NC_028383	1746068	['Hyalopterus pruni', 'Aulacorthum magnoliae']
NC_028382	1746068	['Hyalopterus pruni', 'Aulacorthum magnoliae']
NC_028377	1746066	['Proscyllium habereri']
NC_028137	1685953	['Macrosiphum euphorbiae']
NC_025679	1562065	['Rattus norvegicus']
NC_025677	1562066	['Rattus norvegicus']
NC_024806	649187	['Aedes cinereus']
NC_024805	1445557	['Anopheles sp.', 'Ochlerotatus riparius']
NC_024377	1454041	['Piliocolobus tephrosceles']
NC_024114	1172985	['Rhipicephalus microplus', 'Chlorocebus aethiops', 'Mesocricetus auratus']
NC_024113	1172985	['Rhipicephalus microplus', 'Chlorocebus aethiops', 'Mesocricetus auratus']
NC_024112	1172985	['Rhipicephalus microplus', 'Chlorocebus aethiops', 'Mesocricetus auratus']
NC_024111	1172985	['Rhipicephalus microplus', 'Chlorocebus aethiops', 'Mesocricetus auratus']
NC_024077	1495316	['Heterodera glycines']
NC_024017	1485186	['Culex chidesteri']
NC_023176	412969	['Sus scrofa']
NC_021154	1321391	['Neotoma lepida']
NC_020902	1307803	['Equus caballus']
NC_018713	2756242	['Ovis aries']
NC_015843	64293	['Culex tritaeniorhynchus', 'Anas', 'Anser', 'Anser caerulescens', 'Gallus', 'Passer', 'Homo sapiens', 'Passerella', 'Melospiza']
NC_009026	64303	['Chlorocebus aethiops', 'Culicinae']
NC_012812	402584	['Bos taurus']
NC_005039	64294	['Miniopterus fuliginosus']
NC_003679	358764	['Bos taurus', 'Capra hircus', 'Ovis aries']
NC_003678	119222	['Giraffa camelopardalis']
NC_002657	11096	['Sus scrofa']
NC_001837	3052610	['Saguinus labiatus']
NC_001710	54290	['Homo sapiens']
NC_001461	11099	['Bos taurus']
NC_078485	2847821	['Sorex caecutiens']
NC_078262	1303862	['Hipposideros pomona']
NC_055636	3052500	['Microtus agrestis']
NC_055640	3051403	['Perca fluviatilis']
NC_055174	2116438	['Eptatretus burgeri']
NC_055173	2116435	['Triacanthodes anomalus', 'Triacanthodes anomalus']
NC_055172	2116436	['Lophius litulon']
NC_055171	2116434	[]
NC_055170	2116437	['Hemidactylus bowringii']
NC_055147	1268011	['Stenocephalemys albipes']
NC_043407	1145238	[]
NC_043175	660954	[]
NC_043125	1283294	[]
NC_043068	1980458	[]
NC_038515	1633187	['Chlorocebus aethiops', 'Taphozous melanopogon']
NC_038299	3052470	['Homo sapiens', 'Oryzomys palustris']
NC_034564	467989	['Crocidura lasiura']
NC_034560	765147	['Sorex roboratus']
NC_034519	3052483	['Alexandromys maximowiczii']
NC_034517	3052496	['Stenella', 'Hylomyscus simus']
NC_034515	3052476	['Sigmodon alstoni']
NC_038939	3052492	['Microtus pennsylvanicus']
NC_038695	1001080	['Scalopus aquaticus']
NC_034553	238817	['Chlorocebus aethiops', 'Oligoryzomys fulvescens']
NC_034556	1424613	['Eliurus majori']
NC_034485	3052473	['Anourosorex squamipes']
NC_034465	660955	['Talpa europaea', 'Chlorocebus aethiops']
NC_034407	1400425	['Crocidura douceti']
NC_034403	3052486	['Peromyscus beatae']
NC_034402	1679445	['Talpa europaea']
NC_034399	990280	['Crocidura shantungensis']
NC_034401	1841195	['Rousettus amplexicaudatus']
NC_010707	1980493	['Suncus murinus', 'Chlorocebus aethiops']
NC_006435	93830	['Homo sapiens']
NC_005238	3052498	['Chlorocebus aethiops', 'Homo sapiens', 'Rattus norvegicus']
NC_005226	3052503	['Chlorocebus aethiops', 'Homo sapiens', 'Microtus arvalis', 'Microtus rossiaemeridionalis']
NC_005217	3052499	['Homo sapiens', 'Peromyscus maniculatus']
NC_005225	3052493	['Chlorocebus aethiops', 'Homo sapiens', 'Myodes glareolus']
NC_005222	3052480	['Homo sapiens', 'Rattus norvegicus', 'Apodemus agrarius']
NC_003468	1980456	['Chlorocebus aethiops', 'Oligoryzomys longicaudatus']
NC_078483	2847821	['Sorex caecutiens']
NC_078263	1303862	['Hipposideros pomona']
NC_055635	3052500	['Microtus agrestis']
NC_034473	2847081	['Eothenomys eleusis']
NC_055639	3051403	['Perca fluviatilis']
NC_043527	450605	[]
NC_043409	1145238	[]
NC_043174	660954	[]
NC_043126	1283294	[]
NC_043070	1980458	[]
NC_038514	1633187	['Chlorocebus aethiops', 'Taphozous melanopogon']
NC_038273	564878	[]
NC_034566	238817	['Chlorocebus aethiops', 'Oligoryzomys fulvescens']
NC_034559	765147	['Sorex roboratus']
NC_034558	467989	['Crocidura lasiura']
NC_034528	3052476	['Sigmodon alstoni']
NC_034527	3052483	['Alexandromys maximowiczii']
NC_034526	3052496	['Stenella', 'Hylomyscus simus']
NC_038938	3052492	['Microtus pennsylvanicus']
NC_038704	1314974	[]
NC_038696	1001080	['Scalopus aquaticus']
NC_038530	943342	['Eothenomys miletus']
NC_038384	1167310	[]
NC_038373	169173	['Oligoryzomys fulvescens']
NC_034555	1424613	['Eliurus majori']
NC_034484	3052473	['Anourosorex squamipes']
NC_034464	660955	['Talpa europaea', 'Chlorocebus aethiops']
NC_034405	1400425	['Crocidura douceti']
NC_034398	990280	['Crocidura shantungensis']
NC_034396	3052486	['Peromyscus beatae']
NC_034394	1679445	['Talpa europaea']
NC_034400	1841195	['Rousettus amplexicaudatus']
NC_005227	3052503	['Chlorocebus aethiops', 'Homo sapiens', 'Microtus arvalis', 'Microtus rossiaemeridionalis']
NC_010704	1980493	['Suncus murinus', 'Chlorocebus aethiops']
NC_006433	93830	['Homo sapiens']
NC_005236	3052498	['Chlorocebus aethiops', 'Homo sapiens', 'Rattus norvegicus']
NC_005216	3052499	['Homo sapiens', 'Peromyscus maniculatus']
NC_005224	3052493	['Chlorocebus aethiops', 'Homo sapiens', 'Myodes glareolus']
NC_003466	1980456	['Chlorocebus aethiops', 'Oligoryzomys longicaudatus']
NC_078320	3052538	['Hyalomma aegyptium']
NC_078145	1714376	['Tadarida']
NC_079099	2825847	['Homo sapiens']
NC_079001	2795181	['Homo sapiens']
NC_078999	2811963	['Ixodes ricinus']
NC_078344	3118717	['Paratemnopteryx couloniana']
NC_078266	2059308	['Argas robertsi']
NC_078265	1971396	['Ixodes ricinus']
NC_078256	1810947	['Ornithodoros', 'Carios']
NC_078254	1810952	['Ixodes uriae']
NC_078253	248060	['Mastomys sp.', 'Ornithodoros sonrai']
NC_078241	1608143	['Neoscona nautica']
NC_078237	1526514	['Ixodes scapularis']
NC_078225	2849717	['Rhipicephalus bursa']
NC_078168	426791	['Alectorobius capensis']
NC_078159	248056	['Alectorobius amblus']
NC_078150	248059	['Streptopelia turtur', 'Argas lagenoplastis']
NC_078146	248058	['Argas hermanni']
NC_078133	1453408	['Nyctalus noctula']
NC_078130	498356	['Amblyomma gemma']
NC_055922	1977074	['root']
NC_055217	2170057	['Ornithodoros', 'Chlorocebus aethiops']
NC_034561	1810952	['Ixodes uriae']
NC_034520	3052525	['Hyalomma dromedarii']
NC_034511	3052532	['Ornithodoros erraticus']
NC_034502	248053	['Ornithodoros sp.']
NC_040770	1810944	['Argas hermanni']
NC_040519	1810947	['Ornithodoros', 'Carios']
NC_040512	1810946	['Alectorobius maritimus']
NC_040460	1810950	['Ixodes uriae']
NC_043440	2170061	['Mus musculus', 'Ornithodoros asperus']
NC_043439	1453404	['Mus musculus', 'Haemaphysalis punctata']
NC_043434	3052511	['Ixodida', 'Mus musculus', 'Ornithodoros tartakovskyi']
NC_039220	3052537	['Chlorocebus aethiops', 'Mesocricetus auratus', 'Crocidura']
NC_034392	2847812	['Scotophilus kuhlii', 'Carios pusillus']
NC_038709	11596	['Chlorocebus aethiops', 'Ixodes redikorzevi']
NC_036636	1712570	['Rousettus aegyptiacus', 'Homo sapiens']
NC_034387	194540	['Culicidae', 'Homo sapiens', 'Ovis aries', 'Rhipicephalus appendiculatus', 'Haemaphysalis intermedia', 'Haemaphysalis wellingtoni']
NC_031291	1608094	['root']
NC_031284	1608083	['Homo sapiens', 'Dermacentor marginatus']
NC_031220	1608068	['root']
NC_031141	1608060	['root']
NC_031135	1608047	['root']
NC_029931	1712572	['Rousettus aegyptiacus']
NC_029124	1615758	['Chlorocebus aethiops', 'Homo sapiens', 'Haemaphysalis flava', 'Haemaphysalis formosensis']
NC_025831	1381104	['Macronycteris gigas']
NC_005301	3052518	['Homo sapiens', 'Hyalomma excavatum']
NC_004159	3052514	['Homo sapiens', 'Amblyomma variegatum', 'Rhipicephalus annulatus', 'Rhipicephalus', 'Rhipicephalus decoloratus', 'Hyalomma truncatum', 'Hyalomma rufipes', 'Rhipicephalus geigyi']
NC_004911	130760	['Homo sapiens']
NC_078773	1927799	['Culicidae', 'Aedes albopictus']
NC_078651	1428581	['Chlorocebus aethiops', 'Homo sapiens', 'Mesocricetus auratus', 'Mus musculus']
NC_078611	2732827	['Salmo salar']
NC_078599	2654565	['Rhipicephalus microplus']
NC_078620	1027466	['Amblyomma', 'Chlorocebus aethiops', 'Bos indicus', 'Mus musculus', 'Rhipicephalus']
NC_078584	1618189	['Amblyomma americanum']
NC_078522	1954184	['Oncorhynchus mykiss', 'Oncorhynchus tshawytscha']
NC_006503	55987	['Salmo salar', 'Oncorhynchus tshawytscha']
NC_052926	688437	['Alectorobius capensis']
NC_052681	688438	['Chlorocebus aethiops', 'Ploceus vitellinus']
NC_040731	2137161	['Chlorocebus aethiops', 'Canis lupus familiaris', 'Mus musculus', 'Amblyomma testudinarium']
NC_038818	688436	['Chlorocebus aethiops', 'Homo sapiens', 'Mus musculus', 'Argas reflexus']
NC_036615	1173138	['Sus scrofa']
NC_006308	11553	['Homo sapiens', 'Sus scrofa']
NC_034254	11318	['Chlorocebus aethiops', 'Homo sapiens']
NC_026435	641809	['Homo sapiens']
NC_026423	1332244	['Homo sapiens']
NC_025796	1566309	['Somateria mollissima']
NC_007372	335341	['Homo sapiens']
NC_007375	488241	['Aves', 'Homo sapiens']
NC_007358	93838	['Aves', 'Anser sp.', 'Homo sapiens', 'Felis catus', 'Panthera pardus', 'Panthera tigris', 'Sus scrofa']
NC_006495	11569	['Rhipicephalus microplus', 'Cricetinae', 'Cavia cutleri', 'Amblyomma variegatum', 'Rhipicephalus appendiculatus', 'Mungos mungo']
NC_002205	518987	['Homo sapiens']
NC_002021	211044	['Aves', 'Homo sapiens', 'Sus scrofa']
NC_004908	130760	['Homo sapiens']
NC_078770	1927799	['Culicidae', 'Aedes albopictus']
NC_078652	1428581	['Chlorocebus aethiops', 'Homo sapiens', 'Mesocricetus auratus', 'Mus musculus']
NC_078608	2732827	['Salmo salar']
NC_078617	1027466	['Amblyomma', 'Chlorocebus aethiops', 'Bos indicus', 'Mus musculus', 'Rhipicephalus']
NC_078586	1618189	['Amblyomma americanum']
NC_078527	1954184	['Oncorhynchus mykiss', 'Oncorhynchus tshawytscha']
NC_006501	55987	['Salmo salar', 'Oncorhynchus tshawytscha']
NC_052927	688437	['Alectorobius capensis']
NC_052683	688438	['Chlorocebus aethiops', 'Ploceus vitellinus']
NC_040735	2137161	['Chlorocebus aethiops', 'Canis lupus familiaris', 'Mus musculus', 'Amblyomma testudinarium']
NC_038819	688436	['Chlorocebus aethiops', 'Homo sapiens', 'Mus musculus', 'Argas reflexus']
NC_036618	1173138	['Sus scrofa']
NC_006310	11553	['Homo sapiens', 'Sus scrofa']
NC_034262	11318	['Chlorocebus aethiops', 'Homo sapiens']
NC_026433	641809	['Homo sapiens']
NC_026425	1332244	['Homo sapiens']
NC_025793	1566309	['Somateria mollissima']
NC_007366	335341	['Homo sapiens']
NC_007374	488241	['Aves', 'Homo sapiens']
NC_007362	93838	['Aves', 'Anser sp.', 'Homo sapiens', 'Felis catus', 'Panthera pardus', 'Panthera tigris', 'Sus scrofa']
NC_006506	11569	['Rhipicephalus microplus', 'Cricetinae', 'Cavia cutleri', 'Amblyomma variegatum', 'Rhipicephalus appendiculatus', 'Mungos mungo']
NC_002207	518987	['Homo sapiens']
NC_002017	211044	['Aves', 'Homo sapiens', 'Sus scrofa']
NC_007360	93838	['Aves', 'Anser sp.', 'Homo sapiens', 'Felis catus', 'Panthera pardus', 'Panthera tigris', 'Sus scrofa']
NC_078769	1927799	['Culicidae', 'Aedes albopictus']
NC_078654	1428581	['Chlorocebus aethiops', 'Homo sapiens', 'Mesocricetus auratus', 'Mus musculus']
NC_078605	2732827	['Salmo salar']
NC_078601	2654565	['Rhipicephalus microplus']
NC_078621	1027466	['Amblyomma', 'Chlorocebus aethiops', 'Bos indicus', 'Mus musculus', 'Rhipicephalus']
NC_078587	1618189	['Amblyomma americanum']
NC_078526	1954184	['Oncorhynchus mykiss', 'Oncorhynchus tshawytscha']
NC_006500	55987	['Salmo salar', 'Oncorhynchus tshawytscha']
NC_052928	688437	['Alectorobius capensis']
NC_052684	688438	['Chlorocebus aethiops', 'Ploceus vitellinus']
NC_040733	2137161	['Chlorocebus aethiops', 'Canis lupus familiaris', 'Mus musculus', 'Amblyomma testudinarium']
NC_038822	688436	['Chlorocebus aethiops', 'Homo sapiens', 'Mus musculus', 'Argas reflexus']
NC_036617	1173138	['Sus scrofa']
NC_034256	11318	['Chlorocebus aethiops', 'Homo sapiens']
NC_026436	641809	['Homo sapiens']
NC_026426	1332244	['Homo sapiens']
NC_025798	1566309	['Somateria mollissima']
NC_004905	130760	['Homo sapiens']
NC_007381	488241	['Aves', 'Homo sapiens']
NC_007369	335341	['Homo sapiens']
NC_006507	11569	['Rhipicephalus microplus', 'Cricetinae', 'Cavia cutleri', 'Amblyomma variegatum', 'Rhipicephalus appendiculatus', 'Mungos mungo']
NC_006311	11553	['Homo sapiens', 'Sus scrofa']
NC_002208	518987	['Homo sapiens']
NC_002019	211044	['Aves', 'Homo sapiens', 'Sus scrofa']
NC_078642	1204161	['Argas arboreus']
NC_078606	2732827	['Salmo salar']
NC_078597	2654565	['Rhipicephalus microplus']
NC_078525	1954184	['Oncorhynchus mykiss', 'Oncorhynchus tshawytscha']
NC_006498	55987	['Salmo salar', 'Oncorhynchus tshawytscha']
NC_052930	688437	['Alectorobius capensis']
NC_052685	688438	['Chlorocebus aethiops', 'Ploceus vitellinus']
NC_036621	1173138	['Sus scrofa']
NC_026431	641809	['Homo sapiens']
NC_026427	1332244	['Homo sapiens']
NC_025794	1566309	['Somateria mollissima']
NC_006306	11553	['Homo sapiens', 'Sus scrofa']
NC_007367	335341	['Homo sapiens']
NC_007377	488241	['Aves', 'Homo sapiens']
NC_007363	93838	['Aves', 'Anser sp.', 'Homo sapiens', 'Felis catus', 'Panthera pardus', 'Panthera tigris', 'Sus scrofa']
NC_004907	130760	['Homo sapiens']
NC_002210	518987	['Homo sapiens']
NC_002016	211044	['Aves', 'Homo sapiens', 'Sus scrofa']
OZ239614	11216	['Homo sapiens']
OZ239611	11216	['Homo sapiens']
OZ239610	11216	['Homo sapiens']
OZ239608	11216	['Homo sapiens']
OZ239605	11216	['Homo sapiens']
OZ239603	11216	['Homo sapiens']
OZ239602	11216	['Homo sapiens']
OZ239601	11216	['Homo sapiens']
OZ239593	11216	['Homo sapiens']
OZ239589	11216	['Homo sapiens']
OZ239586	11216	['Homo sapiens']
OZ239583	11216	['Homo sapiens']
OZ239582	11216	['Homo sapiens']
OZ211379	11216	['Homo sapiens']
OZ211362	11216	['Homo sapiens']
OZ211359	11216	['Homo sapiens']
OZ211353	11216	['Homo sapiens']
OZ211332	11216	['Homo sapiens']
OZ211315	2560525	['Homo sapiens']
OZ211293	11216	['Homo sapiens']
OZ211641	11216	['Homo sapiens']
OZ211640	11216	['Homo sapiens']
LC706554	2560526	[]
OZ035257	11216	['Homo sapiens']
OZ035253	11216	['Homo sapiens']
OZ035223	11216	['Homo sapiens']
OZ035222	11216	['Homo sapiens']
OZ035216	11216	['Homo sapiens']
OZ035213	11216	['Homo sapiens']
OZ035212	11216	['Homo sapiens']
OZ035209	11216	['Homo sapiens']
OZ035208	11216	['Homo sapiens']
OZ035202	11216	['Homo sapiens']
OZ035201	11216	['Homo sapiens']
OZ035198	11216	['Homo sapiens']
OZ035197	11216	['Homo sapiens']
OZ035196	11216	['Homo sapiens']
OZ035193	11216	['Homo sapiens']
OZ035192	11216	['Homo sapiens']
OZ035191	11216	['Homo sapiens']
OZ035188	11216	['Homo sapiens']
LC041132	2560321	['Anser sp.', 'Gallus gallus', 'Chlorocebus aethiops', 'Homo sapiens', 'Canis lupus familiaris', 'Bos taurus', 'Mesocricetus auratus']
EU156171	381543	['Salmo salar', 'Oncorhynchus tshawytscha']
MH900517	381543	['Salmo salar', 'Oncorhynchus tshawytscha']
MH900516	348289	[]
MK677430	2849511	[]
MG203878	3070195	[]
MG203877	3070194	[]
MG230624	2848072	[]
OQ379184	3048766	[]
OQ379183	3048765	[]
AJ849636	2593991	['Capra hircus', 'Ovis aries']
AJ564623	3052225	['Pteropus hypomelanus', 'Homo sapiens', 'Sus scrofa', 'Cynopterus brachyotis', 'Eonycteris spelaea', 'Pteropus vampyrus', 'Scotophilus kuhlii']
AJ564622	3052225	['Pteropus hypomelanus', 'Homo sapiens', 'Sus scrofa', 'Cynopterus brachyotis', 'Eonycteris spelaea', 'Pteropus vampyrus', 'Scotophilus kuhlii']
AJ564621	3052225	['Pteropus hypomelanus', 'Homo sapiens', 'Sus scrofa', 'Cynopterus brachyotis', 'Eonycteris spelaea', 'Pteropus vampyrus', 'Scotophilus kuhlii']
AB195968	3052731	['Mus musculus', 'Rattus norvegicus', 'Cavia cutleri', 'Cricetinae gen. sp.']
AB005795	3052731	['Mus musculus', 'Rattus norvegicus', 'Cavia cutleri', 'Cricetinae gen. sp.']
OM141135	2974724	[]
OM101125	2971765	[]
MZ312422	2853285	[]
MW557651	2853286	[]
ON059819	2937033	[]
ON059818	2937032	[]
ON059817	2937031	[]
ON059816	2937030	[]
OK623365	2940994	[]
OK623364	2940986	[]
OK623363	2940997	[]
OK623362	2940988	[]
OK623361	2940987	[]
OK623360	2940991	[]
OK623359	2940992	[]
OK623356	2940985	[]
OK623355	2940990	[]
OK623354	2940993	[]
OK623353	2940995	[]
MN306032	11226	['Homo sapiens']
OM030317	2928974	[]
OM030316	2928973	[]
OM030315	2928972	[]
OM030314	2928971	[]
OM030338	2928988	[]
OM030336	2928980	[]
OM030335	2928979	[]
OM030334	2928983	[]
OM030333	2928981	[]
OM030332	2928987	[]
OM030337	2928982	[]
OM030331	2928989	[]
OM030330	2928990	[]
MZ802809	2843746	[]
MZ802806	2849510	[]
MZ802793	3052593	[]
MT511667	2846955	[]
AY141760	2907837	['Bothrops atrox']
AF052755	2905673	['Chlorocebus aethiops', 'Macaca mulatta', 'Homo sapiens', 'Canis lupus familiaris', 'Ailurus fulgens', 'Felis catus', 'Sus scrofa domesticus', 'Bos taurus']
BK005918	2898537	[]
LC655226	169533	[]
OK210078	1663356	[]
MZ574409	2809456	[]
MZ328290	2877502	[]
MZ328289	2877501	[]
MZ328288	2877500	[]
MZ328287	2877512	[]
MZ328286	2877506	[]
MZ328285	2877505	[]
MZ328284	2877504	[]
MZ328283	2877503	[]
MZ328282	2877480	[]
MZ328281	2877479	[]
MZ328280	2877482	[]
MZ328279	2877481	[]
MZ328278	2877483	[]
MZ328277	2877485	[]
MZ328276	2877484	[]
MZ328275	2877509	[]
MT823459	2686070	[]
MW976960	3052205	[]
MW819866	1395179	[]
MW579602	2811341	['Lophuromys machangui']
MW505906	2806895	[]
MT756864	70064	[]
AB040874	2560602	['Homo sapiens']
MT062420	2791004	[]
MN893225	658048	[]
MN017369	1511733	[]
MN561699	2748342	['Erinaceus europaeus']
MT180123	2730603	[]
MN632566	11241	['Bos taurus']
MN630058	1578041	[]
MN630056	1384673	[]
MN630054	1395180	[]
LC431581	2486281	['Felis catus']
HM147142	862945	['Gallus gallus', 'Chlorocebus aethiops', 'Eudyptes chrysocome']
MN150295	2560321	['Anser sp.', 'Gallus gallus', 'Chlorocebus aethiops', 'Homo sapiens', 'Canis lupus familiaris', 'Bos taurus', 'Mesocricetus auratus']
MH423285	2560322	['Aix galericulata', 'Mareca penelope', 'Anas platyrhynchos', 'Gallus gallus', 'Anas crecca', 'Anas poecilorhyncha']
MK182089	2518293	[]
MK279727	1395182	[]
MH972568	2495433	['Pteropus alecto', 'Pteropus poliocephalus', 'Chlorocebus aethiops', 'Homo sapiens', 'Canis lupus familiaris', 'Sus scrofa', 'Bos taurus', 'Pteropus sp.']
MH430932	3052344	[]
KY370098	1497434	['Apodemus peninsulae']
MG600062	2116453	['Hoplichthys']
MG600059	2116454	['Cynoglossus sp.']
MG600058	2116451	['Synodus macrops']
MG600057	2116452	['Scoliodon macrorhynchos']
LS992584	2847092	['Ratufa macroura']
MH411104	2213020	[]
MF033136	2560314	['Laridae']
MH426702	1395181	[]
MF170889	2560580	[]
MH144178	262307	[]
MG573141	2116560	['Lophuromys machangui']
MG573140	2116559	['Lophuromys machangui']
MG516455	2116604	['Myodes glareolus']
MF594598	2094282	['Aves']
MF943130	2756244	['Myodes glareolus']
KU672593	1554500	['Pteropus alecto', 'Chlorocebus aethiops', 'Homo sapiens', 'Felis catus', 'Equus caballus', 'Bos taurus', 'Pteropus sp.']
AB012132	11216	['Homo sapiens']
MF443335	3052343	[]
KJ641657	1300978	['Rhinolophus ferrumequinum', 'Myotis daubentonii', 'Myotis macrodactylus', 'Murina leucogaster', 'Murina ussuriensis', 'Myotis bombinus', 'Hypsugo alaschanicus', 'Miniopterus sp.', 'Cnephaeus serotinus']
KC154054	1387879	['Miniopterus schreibersii']
KY969476	1056491	[]
KY511044	2560322	['Aix galericulata', 'Mareca penelope', 'Anas platyrhynchos', 'Gallus gallus', 'Anas crecca', 'Anas poecilorhyncha']
KY452444	2006074	['Pygoscelis adeliae', 'Chlorocebus aethiops', 'Bos taurus', 'Pygoscelis papua']
KY452443	2006073	['Chlorocebus aethiops', 'Bos taurus', 'Pygoscelis papua']
KY452442	2006072	['Pygoscelis adeliae', 'Chlorocebus aethiops', 'Bos taurus', 'Pygoscelis papua']
KX932454	1983777	['Gallus gallus', 'Calidris fuscicollis']
KY425655	3052225	['Pteropus hypomelanus', 'Homo sapiens', 'Sus scrofa', 'Cynopterus brachyotis', 'Eonycteris spelaea', 'Pteropus vampyrus', 'Scotophilus kuhlii']
KY425646	3052225	['Pteropus hypomelanus', 'Homo sapiens', 'Sus scrofa', 'Cynopterus brachyotis', 'Eonycteris spelaea', 'Pteropus vampyrus', 'Scotophilus kuhlii']
KX258200	1928005	['Chlorocebus aethiops']
KU646513	1820326	[]
JN689227	1117633	['Rattus andamanensis']
AF266290	70149	['Homo sapiens']
AF014953	3139435	['Canis lupus familiaris', 'Ailuropoda melanoleuca', 'Ailurus fulgens', 'Procyon lotor', 'Mustela', 'Panthera leo', 'Zalophus californianus']
KF843893	1428458	[]
KF738113	1384672	['Homo sapiens']
GQ849007	2560319	['Aves', 'Anas platyrhynchos', 'Gallus gallus']
KJ018971	170528	['Homo sapiens']
KJ018970	763792	['Homo sapiens']
KT215610	1529392	['Capra hircus']
KP271124	1554501	['Pteropus alecto']
KP271123	1554501	['Pteropus alecto']
FJ215863	2560318	['Branta canadensis', 'Gallus gallus', 'Homo sapiens']
AB924120	1170234	['Felis catus']
KJ956404	1529450	['Aedes albopictus', 'Gallus gallus', 'Chlorocebus aethiops', 'Macaca mulatta', 'Homo sapiens', 'Canis lupus familiaris', 'Felis catus', 'Sus scrofa', 'Camelus dromedarius', 'Bos taurus', 'Oryctolagus cuniculus', 'Mesocricetus auratus', 'Mus musculus', 'Rattus norvegicus', 'Eunectes murinus']
KF278639	1474807	['Rattus tanezumi sladeni']
KF774436	1452514	['Homo sapiens']
JX857409	3052733	['Sus scrofa domesticus']
AF017149	3052223	['Chlorocebus aethiops', 'Homo sapiens', 'Equus caballus']
KC802221	11240	['Phocidae', 'Phoca vitulina']
KC333050	2560320	['Mareca penelope', 'Gallus gallus']
JX987283	28274	['Anas rubripes']
JX051320	1261101	['Eidolon helvum']
JX051319	1261100	['Eidolon helvum']
KC164758	1056492	['Homo sapiens']
KC164757	170525	['Homo sapiens']
JX112711	152219	['Pteropus alecto', 'Pteropus poliocephalus', 'Homo sapiens', 'Sus scrofa domesticus', 'Chlorocebus sabaeus', 'Pteropus conspicillatus']
JQ697837	120499	['Equus caballus']
JQ001776	1221391	['Pteropus sp.']
JQ886184	2560310	['Gallus gallus', 'Gallinago gallinago']
FJ362497	590647	['Zygodontomys brevicauda']
HQ660095	1112597	['root']
HQ660129	2847089	['Eidolon helvum']
AB543337	11226	['Homo sapiens']
AB543336	11224	['Homo sapiens']
JQ411014	1170234	['Felis catus']
JN808864	3052225	['Pteropus hypomelanus', 'Homo sapiens', 'Sus scrofa', 'Cynopterus brachyotis', 'Eonycteris spelaea', 'Pteropus vampyrus', 'Scotophilus kuhlii']
JN808863	3052225	['Pteropus hypomelanus', 'Homo sapiens', 'Sus scrofa', 'Cynopterus brachyotis', 'Eonycteris spelaea', 'Pteropus vampyrus', 'Scotophilus kuhlii']
JN808857	3052225	['Pteropus hypomelanus', 'Homo sapiens', 'Sus scrofa', 'Cynopterus brachyotis', 'Eonycteris spelaea', 'Pteropus vampyrus', 'Scotophilus kuhlii']
JN635411	884101	['Homo sapiens']
JN635410	884100	['Homo sapiens']
JN635409	884099	['Homo sapiens']
JN635408	884098	['Homo sapiens']
JN635407	884097	['Homo sapiens']
JN635406	884096	['Homo sapiens']
JN635405	1089795	['Homo sapiens']
JN635404	884095	['Homo sapiens']
JN635403	884094	['Homo sapiens']
JN635402	884093	['Homo sapiens']
FJ513078	3052225	['Pteropus hypomelanus', 'Homo sapiens', 'Sus scrofa', 'Cynopterus brachyotis', 'Eonycteris spelaea', 'Pteropus vampyrus', 'Scotophilus kuhlii']
HM583801	929831	['Cercopithecus mitis']
HM159993	2560313	['Gallus gallus', 'Chlorocebus aethiops', 'Homo sapiens', 'Canis lupus familiaris', 'Sus scrofa', 'Bos taurus', 'Oryctolagus cuniculus', 'Mesocricetus auratus', 'Coturnix japonica']
GU128082	798074	['Rousettus leschenaultii']
GU128081	798073	['Rousettus leschenaultii']
GU128080	798072	['Rousettus leschenaultii']
AY029768	3052225	['Pteropus hypomelanus', 'Homo sapiens', 'Sus scrofa', 'Cynopterus brachyotis', 'Eonycteris spelaea', 'Pteropus vampyrus', 'Scotophilus kuhlii']
AY029767	3052225	['Pteropus hypomelanus', 'Homo sapiens', 'Sus scrofa', 'Cynopterus brachyotis', 'Eonycteris spelaea', 'Pteropus vampyrus', 'Scotophilus kuhlii']
EU782025	3052594	['Meleagris gallopavo']
GU206351	2560315	['Chlorocebus aethiops', 'Melopsittacus undulatus']
AY286409	241630	['Mesocricetus auratus', 'Rattus leucopus', 'Rattus fuscipes']
AF298895	162013	['Pteropus hypomelanus']
AY029299	2560316	['Anser anser', 'Gallus gallus']
EF569970	2560316	['Anser anser', 'Gallus gallus']
AY562991	2560319	['Aves', 'Anas platyrhynchos', 'Gallus gallus']
AF178654	3052729	['Bos taurus']
FJ231524	2560317	['Chlorocebus aethiops', 'Homo sapiens', 'Cricetinae']
EU439428	505220	['Sus scrofa']
AF326114	152219	['Pteropus alecto', 'Pteropus poliocephalus', 'Homo sapiens', 'Sus scrofa domesticus', 'Chlorocebus sabaeus', 'Pteropus conspicillatus']
DQ100461	341053	['Homo sapiens', 'Rattus']
AY988601	3052225	['Pteropus hypomelanus', 'Homo sapiens', 'Sus scrofa', 'Cynopterus brachyotis', 'Eonycteris spelaea', 'Pteropus vampyrus', 'Scotophilus kuhlii']
AY900001	322067	['Mus musculus']
AY685920	301186	['Gallus gallus', 'Homo sapiens']
AF473851	204987	['Anas platyrhynchos', 'Anser sp.', 'Columbidae', 'Gallus gallus']
AF457102	188538	['Homo sapiens']
AF338106	11168	['Homo sapiens']
AF378705	11233	[]
AF212302	3052225	['Pteropus hypomelanus', 'Homo sapiens', 'Sus scrofa', 'Cynopterus brachyotis', 'Eonycteris spelaea', 'Pteropus vampyrus', 'Scotophilus kuhlii']
AF309418	139270	['Gallus gallus']
AF266291	132487	[]
AF266289	132485	[]
AF266287	132484	[]
AF266286	36408	[]
AF079780	92129	['Tupaia belangeri']
FJ619036	2560318	['Branta canadensis', 'Gallus gallus', 'Homo sapiens']
EU910942	2560326	['Anas platyrhynchos', 'Gallus gallus', 'Chlorocebus aethiops', 'Mesocricetus auratus']
EF095490	3052559	['Sturnira lilium']
EU403085	3052594	['Meleagris gallopavo']
EU877976	28274	['Anas rubripes']
EU338414	2560313	['Gallus gallus', 'Chlorocebus aethiops', 'Homo sapiens', 'Canis lupus familiaris', 'Sus scrofa', 'Bos taurus', 'Oryctolagus cuniculus', 'Mesocricetus auratus', 'Coturnix japonica']
EU326526	11216	['Homo sapiens']
X64275	3052561	['Simiiformes']
X57559	2560525	['Homo sapiens']
AJ608288	37131	['Platanistidae', 'Delphinidae']
AJ627196	3052225	['Pteropus hypomelanus', 'Homo sapiens', 'Sus scrofa', 'Cynopterus brachyotis', 'Eonycteris spelaea', 'Pteropus vampyrus', 'Scotophilus kuhlii']
X98291	11242	['Suidae', 'Hippopotamus', 'Giraffa camelopardalis', 'Bos', 'Bos taurus', 'Bos indicus', 'Capra hircus', 'Gazella', 'Ovis aries', 'Bubalus bubalis']
AB016162	11234	['Homo sapiens']
NC_078245	206376	['Phlebotomus major']
NC_078048	2848001	['Phylloscopus trochilus']
NC_079057	2874031	['Haemaphysalis formosensis']
NC_079011	2835654	['Phlebotominae']
NC_078996	3071326	['Chiroptera', 'Cnephaeus nilssonii']
NC_078987	2600347	['Stephanocircus']
NC_078983	2599343	['Aphis citricidus']
NC_078973	2984167	['Aphalara polygoni']
NC_078938	2984168	['Ceraphron sp. AD-2014']
NC_078358	2755152	['root']
NC_078355	2767010	['Aedes albopictus', 'Phlebotominae', 'Lutzomyia longipalpis', 'Chlorocebus aethiops', 'Macaca mulatta', 'Mesocricetus auratus', 'Phlebotomus papatasi']
NC_078354	2767009	['Aedes albopictus', 'Phlebotominae', 'Lutzomyia longipalpis', 'Chlorocebus aethiops', 'Macaca mulatta', 'Mesocricetus auratus', 'Phlebotomus papatasi']
NC_078350	2767007	['Aedes albopictus', 'Phlebotominae', 'Lutzomyia longipalpis', 'Chlorocebus aethiops', 'Macaca mulatta', 'Mesocricetus auratus', 'Phlebotomus papatasi']
NC_078346	2767008	['Aedes albopictus', 'Phlebotominae', 'Lutzomyia longipalpis', 'Chlorocebus aethiops', 'Macaca mulatta', 'Mesocricetus auratus', 'Phlebotomus papatasi']
NC_078329	2849708	['Stethorus sp.']
NC_078318	2689367	['Mansonia titillans']
NC_078301	2721854	['Choloepus hoffmanni']
NC_078299	2576944	['Homo sapiens']
NC_078294	2607734	['root', 'root']
NC_078123	904679	['Aedes albopictus', 'Proechimys guyannensis']
NC_078100	1977075	['Dermacentor occidentalis']
NC_078095	1608046	['root']
NC_078094	1526521	['Ixodes scapularis']
NC_078091	2847048	['Dermacentor variabilis']
NC_078085	2846448	['Lutzomyia sp.']
NC_078082	2559112	['Psychodopygus panamensis']
NC_078077	206160	['Phlebotominae', 'Homo sapiens', 'Mesocricetus auratus', 'Phlebotomus perniciosus', 'Phlebotomus perfiliewi']
NC_078074	1649830	['Phlebotominae']
NC_078072	1649829	['Homo sapiens']
NC_078070	2847813	['Rhipicephalus pulchellus']
NC_078067	1457386	['', 'Ixodes']
NC_078064	1216928	['Amblyomma americanum', 'Didelphis virginiana', 'Chlorocebus aethiops', 'Macaca mulatta', 'Homo sapiens', 'Canis latrans', 'Procyon lotor', 'Equus caballus', 'Odocoileus virginianus', 'Alces americanus']
NC_078061	2847279	['Tatera']
NC_078057	1055750	['Chlorocebus aethiops', 'Phlebotominae sp.']
NC_078053	2848418	['Mesocricetus auratus']
NC_078051	2847826	['Phlebotominae']
NC_078045	427316	['Proechimys guyannensis']
NC_078042	904698	['Mus', 'Turdus libonyana peripheris', 'Culex antennatus']
NC_055534	2164103	['Malus domestica']
NC_055437	2182586	['Lutzomyia longipalpis', 'Chlorocebus aethiops', 'Lutzomyia sp.']
NC_055407	2569589	['Chlorocebus aethiops', 'Sergentomyia sp.']
NC_055402	2559114	['Psychodopygus panamensis']
NC_055399	2559111	['Nyssomyia trapidoi']
NC_055396	2559110	['Psychodopygus panamensis']
NC_055390	2164102	['Malus domestica']
NC_055419	415382	['Phlebotomus papatasi']
NC_055385	206161	['Phlebotomus papatasi']
NC_055380	1764087	['Chlorocebus aethiops']
NC_055325	629730	['Nyssomyia trapidoi']
NC_055321	629735	['Mus musculus']
NC_055309	629740	['Chlorocebus aethiops', 'Equus caballus', 'Ovis aries', 'Neotoma micropus']
NC_055302	693015	['Chlorocebus aethiops', 'Phlebotomus perniciosus', 'Phlebotomus longicuspis']
NC_055432	1844920	['Ixodes scapularis']
NC_055427	1608145	['Haemaphysalis hystricis']
NC_055425	1608084	['Homo sapiens', 'Hyalomma marginatum', 'Dermacentor marginatus', 'Hyalomma asiaticum', 'Dermacentor silvarum', 'Dermacentor nuttalli']
NC_055423	1608056	['Rhipicephalus microplus']
NC_055420	426790	['Rodentia']
NC_055414	391640	['Phlebotomus perniciosus']
NC_055389	206377	['Phlebotominae']
NC_055383	1775957	['Chlorocebus aethiops', 'Homo sapiens', 'Larroussius', 'Phlebotomus longicuspis', 'Phlebotomus sp.']
NC_055374	1725367	['Chlorocebus aethiops', 'Phlebotomus perniciosus']
NC_055370	1564099	['Mus musculus', 'Haemaphysalis leporispalustris', 'Lepus americanus']
NC_055368	1531287	['Ixodes uriae', 'Ixodes signatus']
NC_055363	1460451	['Lemniscomys striatus']
NC_055357	1048855	['Culex']
NC_055356	2748235	['Ixodida']
NC_055353	1010668	['Uria aalge']
NC_055349	1006586	['Chlorocebus aethiops', 'Lutzomyia', 'Lutzomyia sp.']
NC_055345	1006585	['Chlorocebus aethiops', 'Lutzomyia sp.']
NC_055344	1004889	['Homo sapiens']
NC_055339	1000646	['Homo sapiens']
NC_055337	487097	['Mus musculus', 'Ixodes uriae']
NC_055333	487098	['Argas reflexus']
NC_055330	629726	['Homo sapiens']
NC_055327	629727	['Homo sapiens']
NC_055319	629736	['Acomys cahirinus']
NC_055315	629737	['Lutzomyia']
NC_055314	629739	['Psychodopygus panamensis']
NC_055307	655689	['Didelphis marsupialis']
NC_055303	655691	['Lutzomyia']
NC_055294	904699	['Phlebotomus sp.']
NC_033849	1055750	['Chlorocebus aethiops', 'Phlebotominae sp.']
NC_033848	1926501	['Phlebotominae sp.']
NC_033844	1926500	['Chlorocebus aethiops', 'Phlebotominae sp.']
NC_033841	1926502	['Proechimys guyannensis']
NC_033836	904722	['Chlorocebus aethiops', 'Choloepus didactylus']
NC_040494	1564120	['Mus musculus', 'Haemaphysalis spinigera']
NC_043679	2027354	['Ixodes scapularis']
NC_043510	1569922	['Ixodes scapularis', 'Chlorocebus aethiops', 'Homo sapiens', 'Canis lupus familiaris', 'Mus musculus', 'Ixodes persulcatus']
NC_043482	1911436	['Choristoneura rosaceana']
NC_043477	1892236	['Cydia pomonella']
NC_043611	1763596	['Chlorocebus aethiops', 'Homo sapiens', 'Canis lupus familiaris', 'Mus musculus', 'Dermacentor nuttalli']
NC_043450	1003835	['Homo sapiens']
NC_043209	426788	[]
NC_043051	603003	['Aedes albopictus', 'Anopheles sp.', 'Culex sp.']
NC_043045	1457166	['Aedes albopictus', 'Culex declarator']
NC_027717	1457386	['', 'Ixodes']
NC_038257	3052627	['Aedes albopictus', 'Culex quinquefasciatus', 'Culex tarsalis', 'Culex annulirostris', 'Culex sitiens']
NC_038262	3052631	['Aedes aegypti']
NC_036604	1851087	['Chlorocebus aethiops', 'Homo sapiens', 'Mesocricetus auratus', 'Haemaphysalis flava']
NC_033830	1048854	['Homo sapiens']
NC_031320	1608144	['root']
NC_031317	3052633	['root']
NC_031298	1608101	['root']
NC_031287	1608095	['root']
NC_031138	1608048	['root']
NC_029903	1764085	['Phlebotomus tobbi', 'Phlebotomus perfiliewi']
NC_029901	1764086	['Chlorocebus aethiops', 'Homo sapiens', 'Phlebotomus papatasi', 'Phlebotomus tobbi', 'Phlebotomus perfiliewi', 'Sergentomyia sp.', 'Phlebotomus sp.']
NC_029127	1611877	['Chlorocebus aethiops']
NC_029082	1457322	['Chlorocebus aethiops', 'Phlebotomus perniciosus']
NC_027140	1213620	['Canis lupus familiaris', 'Rhipicephalus decoloratus']
NC_024495	1216928	['Amblyomma americanum', 'Didelphis virginiana', 'Chlorocebus aethiops', 'Macaca mulatta', 'Homo sapiens', 'Canis latrans', 'Procyon lotor', 'Equus caballus', 'Odocoileus virginianus', 'Alces americanus']
NC_023635	904698	['Mus', 'Turdus libonyana peripheris', 'Culex antennatus']
NC_022630	1405807	['Dermacentor marginatus']
NC_021242	1219465	['Amblyomma americanum', 'Chlorocebus aethiops', 'Homo sapiens']
NC_018136	992212	['Homo sapiens', 'Canis lupus familiaris', 'Haemaphysalis longicornis']
NC_015451	1006583	['Lutzomyia sp.']
NC_015412	688699	['Homo sapiens']
NC_015374	629725	['Homo sapiens']
NC_014397	11588	['Aedes', 'Homo sapiens', 'Camelus bactrianus', 'Bos taurus', 'Capra hircus', 'Ovis aries', 'Phlebotomus papatasi', 'Bos taurus x Bison bison']
NC_006319	206160	['Phlebotominae', 'Homo sapiens', 'Mesocricetus auratus', 'Phlebotomus perniciosus', 'Phlebotomus perfiliewi']
NC_005214	11591	['Homo sapiens', 'Ixodes ricinus']
NC_078247	206376	['Phlebotomus major']
NC_078049	2848001	['Phylloscopus trochilus']
NC_079058	2874031	['Haemaphysalis formosensis']
NC_079013	2835654	['Phlebotominae']
NC_078994	3071326	['Chiroptera', 'Cnephaeus nilssonii']
NC_078984	2599343	['Aphis citricidus']
NC_078972	2984167	['Aphalara polygoni']
NC_078940	2984168	['Ceraphron sp. AD-2014']
NC_078359	2755152	['root']
NC_078357	2767010	['Aedes albopictus', 'Phlebotominae', 'Lutzomyia longipalpis', 'Chlorocebus aethiops', 'Macaca mulatta', 'Mesocricetus auratus', 'Phlebotomus papatasi']
NC_078352	2767009	['Aedes albopictus', 'Phlebotominae', 'Lutzomyia longipalpis', 'Chlorocebus aethiops', 'Macaca mulatta', 'Mesocricetus auratus', 'Phlebotomus papatasi']
NC_078349	2767007	['Aedes albopictus', 'Phlebotominae', 'Lutzomyia longipalpis', 'Chlorocebus aethiops', 'Macaca mulatta', 'Mesocricetus auratus', 'Phlebotomus papatasi']
NC_078348	2767008	['Aedes albopictus', 'Phlebotominae', 'Lutzomyia longipalpis', 'Chlorocebus aethiops', 'Macaca mulatta', 'Mesocricetus auratus', 'Phlebotomus papatasi']
NC_078330	2849708	['Stethorus sp.']
NC_078317	2689367	['Mansonia titillans']
NC_078300	2721854	['Choloepus hoffmanni']
NC_078297	2576944	['Homo sapiens']
NC_078295	2607734	['root', 'root']
NC_078121	904679	['Aedes albopictus', 'Proechimys guyannensis']
NC_078083	2846448	['Lutzomyia sp.']
NC_078081	2559112	['Psychodopygus panamensis']
NC_078078	206160	['Phlebotominae', 'Homo sapiens', 'Mesocricetus auratus', 'Phlebotomus perniciosus', 'Phlebotomus perfiliewi']
NC_078075	1649830	['Phlebotominae']
NC_078071	1649829	['Homo sapiens']
NC_078069	2847813	['Rhipicephalus pulchellus']
NC_078065	1457386	['', 'Ixodes']
NC_078063	1216928	['Amblyomma americanum', 'Didelphis virginiana', 'Chlorocebus aethiops', 'Macaca mulatta', 'Homo sapiens', 'Canis latrans', 'Procyon lotor', 'Equus caballus', 'Odocoileus virginianus', 'Alces americanus']
NC_078060	2847279	['Tatera']
NC_078056	1055750	['Chlorocebus aethiops', 'Phlebotominae sp.']
NC_078054	2848418	['Mesocricetus auratus']
NC_078050	2847826	['Phlebotominae']
NC_078044	427316	['Proechimys guyannensis']
NC_078041	904698	['Mus', 'Turdus libonyana peripheris', 'Culex antennatus']
NC_055438	2182586	['Lutzomyia longipalpis', 'Chlorocebus aethiops', 'Lutzomyia sp.']
NC_055406	2569589	['Chlorocebus aethiops', 'Sergentomyia sp.']
NC_055404	2559114	['Psychodopygus panamensis']
NC_055400	2559111	['Nyssomyia trapidoi']
NC_055397	2559110	['Psychodopygus panamensis']
NC_055391	2164102	['Malus domestica']
NC_055418	415382	['Phlebotomus papatasi']
NC_055384	206161	['Phlebotomus papatasi']
NC_055379	1764087	['Chlorocebus aethiops']
NC_055324	629730	['Nyssomyia trapidoi']
NC_055323	629735	['Mus musculus']
NC_055311	629740	['Chlorocebus aethiops', 'Equus caballus', 'Ovis aries', 'Neotoma micropus']
NC_055301	693015	['Chlorocebus aethiops', 'Phlebotomus perniciosus', 'Phlebotomus longicuspis']
NC_055421	426790	['Rodentia']
NC_055416	391640	['Phlebotomus perniciosus']
NC_055388	206377	['Phlebotominae']
NC_055382	1775957	['Chlorocebus aethiops', 'Homo sapiens', 'Larroussius', 'Phlebotomus longicuspis', 'Phlebotomus sp.']
NC_055373	1725367	['Chlorocebus aethiops', 'Phlebotomus perniciosus']
NC_055369	1564099	['Mus musculus', 'Haemaphysalis leporispalustris', 'Lepus americanus']
NC_055367	1531287	['Ixodes uriae', 'Ixodes signatus']
NC_055364	1460451	['Lemniscomys striatus']
NC_055359	1048855	['Culex']
NC_055354	2748235	['Ixodida']
NC_055352	1010668	['Uria aalge']
NC_055348	1006586	['Chlorocebus aethiops', 'Lutzomyia', 'Lutzomyia sp.']
NC_055346	1006585	['Chlorocebus aethiops', 'Lutzomyia sp.']
NC_055343	1004889	['Homo sapiens']
NC_055341	1000646	['Homo sapiens']
NC_055338	487097	['Mus musculus', 'Ixodes uriae']
NC_055335	487098	['Argas reflexus']
NC_055332	629726	['Homo sapiens']
NC_055329	629727	['Homo sapiens']
NC_055320	629736	['Acomys cahirinus']
NC_055317	629737	['Lutzomyia']
NC_055313	629739	['Psychodopygus panamensis']
NC_055306	655689	['Didelphis marsupialis']
NC_055304	655691	['Lutzomyia']
NC_055296	904699	['Phlebotomus sp.']
NC_033846	904722	['Chlorocebus aethiops', 'Choloepus didactylus']
NC_033842	1926502	['Proechimys guyannensis']
NC_033840	1055750	['Chlorocebus aethiops', 'Phlebotominae sp.']
NC_033838	1926501	['Phlebotominae sp.']
NC_033835	1926500	['Chlorocebus aethiops', 'Phlebotominae sp.']
NC_040493	1564120	['Mus musculus', 'Haemaphysalis spinigera']
NC_043680	2027354	['Ixodes scapularis']
NC_043509	1569922	['Ixodes scapularis', 'Chlorocebus aethiops', 'Homo sapiens', 'Canis lupus familiaris', 'Mus musculus', 'Ixodes persulcatus']
NC_043481	1911436	['Choristoneura rosaceana']
NC_043479	1892236	['Cydia pomonella']
NC_043609	1763596	['Chlorocebus aethiops', 'Homo sapiens', 'Canis lupus familiaris', 'Mus musculus', 'Dermacentor nuttalli']
NC_043451	1003835	['Homo sapiens']
NC_043207	426788	[]
NC_043049	603003	['Aedes albopictus', 'Anopheles sp.', 'Culex sp.']
NC_043046	1457166	['Aedes albopictus', 'Culex declarator']
NC_027715	1457386	['', 'Ixodes']
NC_038258	3052627	['Aedes albopictus', 'Culex quinquefasciatus', 'Culex tarsalis', 'Culex annulirostris', 'Culex sitiens']
NC_038261	3052631	['Aedes aegypti']
NC_037616	1457322	['Chlorocebus aethiops', 'Phlebotomus perniciosus']
NC_037614	1764085	['Phlebotomus tobbi', 'Phlebotomus perfiliewi']
NC_037612	1764086	['Chlorocebus aethiops', 'Homo sapiens', 'Phlebotomus papatasi', 'Phlebotomus tobbi', 'Phlebotomus perfiliewi', 'Sergentomyia sp.', 'Phlebotomus sp.']
NC_036605	1851087	['Chlorocebus aethiops', 'Homo sapiens', 'Mesocricetus auratus', 'Haemaphysalis flava']
NC_033847	1048854	['Homo sapiens']
NC_031321	1608144	['root']
NC_031318	3052633	['root']
NC_031295	1608101	['root']
NC_031292	1608095	['root']
NC_031139	1608048	['root']
NC_029128	1611877	['Chlorocebus aethiops']
NC_027141	1213620	['Canis lupus familiaris', 'Rhipicephalus decoloratus']
NC_024494	1216928	['Amblyomma americanum', 'Didelphis virginiana', 'Chlorocebus aethiops', 'Macaca mulatta', 'Homo sapiens', 'Canis latrans', 'Procyon lotor', 'Equus caballus', 'Odocoileus virginianus', 'Alces americanus']
NC_023633	904698	['Mus', 'Turdus libonyana peripheris', 'Culex antennatus']
NC_022631	1405807	['Dermacentor marginatus']
NC_021243	1219465	['Amblyomma americanum', 'Chlorocebus aethiops', 'Homo sapiens']
NC_018138	992212	['Homo sapiens', 'Canis lupus familiaris', 'Haemaphysalis longicornis']
NC_015450	1006583	['Lutzomyia sp.']
NC_015411	688699	['Homo sapiens']
NC_015373	629725	['Homo sapiens']
NC_014396	11588	['Aedes', 'Homo sapiens', 'Camelus bactrianus', 'Bos taurus', 'Capra hircus', 'Ovis aries', 'Phlebotomus papatasi', 'Bos taurus x Bison bison']
NC_006320	206160	['Phlebotominae', 'Homo sapiens', 'Mesocricetus auratus', 'Phlebotomus perniciosus', 'Phlebotomus perfiliewi']
NC_078246	206376	['Phlebotomus major']
NC_078047	2848001	['Phylloscopus trochilus']
NC_079059	2874031	['Haemaphysalis formosensis']
NC_079012	2835654	['Phlebotominae']
NC_078995	3071326	['Chiroptera', 'Cnephaeus nilssonii']
NC_078986	2600347	['Stephanocircus']
NC_078985	2599343	['Aphis citricidus']
NC_078971	2984167	['Aphalara polygoni']
NC_078939	2984168	['Ceraphron sp. AD-2014']
NC_078360	2755152	['root']
NC_078356	2767010	['Aedes albopictus', 'Phlebotominae', 'Lutzomyia longipalpis', 'Chlorocebus aethiops', 'Macaca mulatta', 'Mesocricetus auratus', 'Phlebotomus papatasi']
NC_078353	2767009	['Aedes albopictus', 'Phlebotominae', 'Lutzomyia longipalpis', 'Chlorocebus aethiops', 'Macaca mulatta', 'Mesocricetus auratus', 'Phlebotomus papatasi']
NC_078351	2767007	['Aedes albopictus', 'Phlebotominae', 'Lutzomyia longipalpis', 'Chlorocebus aethiops', 'Macaca mulatta', 'Mesocricetus auratus', 'Phlebotomus papatasi']
NC_078347	2767008	['Aedes albopictus', 'Phlebotominae', 'Lutzomyia longipalpis', 'Chlorocebus aethiops', 'Macaca mulatta', 'Mesocricetus auratus', 'Phlebotomus papatasi']
NC_078331	2849708	['Stethorus sp.']
NC_078319	2689367	['Mansonia titillans']
NC_078302	2721854	['Choloepus hoffmanni']
NC_078298	2576944	['Homo sapiens']
NC_078296	2607734	['root', 'root']
NC_078122	904679	['Aedes albopictus', 'Proechimys guyannensis']
NC_078099	1977075	['Dermacentor occidentalis']
NC_078096	1608046	['root']
NC_078093	1526521	['Ixodes scapularis']
NC_078092	2847048	['Dermacentor variabilis']
NC_078084	2846448	['Lutzomyia sp.']
NC_078080	2559112	['Psychodopygus panamensis']
NC_078079	206160	['Phlebotominae', 'Homo sapiens', 'Mesocricetus auratus', 'Phlebotomus perniciosus', 'Phlebotomus perfiliewi']
NC_078076	1649830	['Phlebotominae']
NC_078073	1649829	['Homo sapiens']
NC_078068	2847813	['Rhipicephalus pulchellus']
NC_078066	1457386	['', 'Ixodes']
NC_078062	1216928	['Amblyomma americanum', 'Didelphis virginiana', 'Chlorocebus aethiops', 'Macaca mulatta', 'Homo sapiens', 'Canis latrans', 'Procyon lotor', 'Equus caballus', 'Odocoileus virginianus', 'Alces americanus']
NC_078059	2847279	['Tatera']
NC_078058	1055750	['Chlorocebus aethiops', 'Phlebotominae sp.']
NC_078055	2848418	['Mesocricetus auratus']
NC_078052	2847826	['Phlebotominae']
NC_078046	427316	['Proechimys guyannensis']
NC_078043	904698	['Mus', 'Turdus libonyana peripheris', 'Culex antennatus']
NC_055405	2569589	['Chlorocebus aethiops', 'Sergentomyia sp.']
NC_055403	2559114	['Psychodopygus panamensis']
NC_055401	2559111	['Nyssomyia trapidoi']
NC_055398	2559110	['Psychodopygus panamensis']
NC_055392	2164102	['Malus domestica']
NC_055417	415382	['Phlebotomus papatasi']
NC_055386	206161	['Phlebotomus papatasi']
NC_055378	1764087	['Chlorocebus aethiops']
NC_055326	629730	['Nyssomyia trapidoi']
NC_055322	629735	['Mus musculus']
NC_055310	629740	['Chlorocebus aethiops', 'Equus caballus', 'Ovis aries', 'Neotoma micropus']
NC_055300	693015	['Chlorocebus aethiops', 'Phlebotomus perniciosus', 'Phlebotomus longicuspis']
NC_055431	1844920	['Ixodes scapularis']
NC_055428	1608145	['Haemaphysalis hystricis']
NC_055426	1608084	['Homo sapiens', 'Hyalomma marginatum', 'Dermacentor marginatus', 'Hyalomma asiaticum', 'Dermacentor silvarum', 'Dermacentor nuttalli']
NC_055424	1608056	['Rhipicephalus microplus']
NC_055422	426790	['Rodentia']
NC_055415	391640	['Phlebotomus perniciosus']
NC_055387	206377	['Phlebotominae']
NC_055381	1775957	['Chlorocebus aethiops', 'Homo sapiens', 'Larroussius', 'Phlebotomus longicuspis', 'Phlebotomus sp.']
NC_055372	1725367	['Chlorocebus aethiops', 'Phlebotomus perniciosus']
NC_055371	1564099	['Mus musculus', 'Haemaphysalis leporispalustris', 'Lepus americanus']
NC_055366	1531287	['Ixodes uriae', 'Ixodes signatus']
NC_055365	1460451	['Lemniscomys striatus']
NC_055358	1048855	['Culex']
NC_055355	2748235	['Ixodida']
NC_055351	1010668	['Uria aalge']
NC_055350	1006586	['Chlorocebus aethiops', 'Lutzomyia', 'Lutzomyia sp.']
NC_055347	1006585	['Chlorocebus aethiops', 'Lutzomyia sp.']
NC_055342	1004889	['Homo sapiens']
NC_055340	1000646	['Homo sapiens']
NC_055336	487097	['Mus musculus', 'Ixodes uriae']
NC_055334	487098	['Argas reflexus']
NC_055331	629726	['Homo sapiens']
NC_055328	629727	['Homo sapiens']
NC_055318	629736	['Acomys cahirinus']
NC_055316	629737	['Lutzomyia']
NC_055312	629739	['Psychodopygus panamensis']
NC_055308	655689	['Didelphis marsupialis']
NC_055305	655691	['Lutzomyia']
NC_055295	904699	['Phlebotomus sp.']
NC_031322	1608144	['root']
NC_031315	1608139	['root']
NC_031319	3052633	['root']
NC_031290	1608095	['root']
NC_031140	1608048	['root']
NC_031297	1608101	['root']
NC_033850	1055750	['Chlorocebus aethiops', 'Phlebotominae sp.']
NC_033845	1926500	['Chlorocebus aethiops', 'Phlebotominae sp.']
NC_033843	1926502	['Proechimys guyannensis']
NC_033839	1926501	['Phlebotominae sp.']
NC_033837	904722	['Chlorocebus aethiops', 'Choloepus didactylus']
NC_040492	1564120	['Mus musculus', 'Haemaphysalis spinigera']
NC_043681	2027354	['Ixodes scapularis']
NC_043511	1569922	['Ixodes scapularis', 'Chlorocebus aethiops', 'Homo sapiens', 'Canis lupus familiaris', 'Mus musculus', 'Ixodes persulcatus']
NC_043480	1911436	['Choristoneura rosaceana']
NC_043478	1892236	['Cydia pomonella']
NC_043610	1763596	['Chlorocebus aethiops', 'Homo sapiens', 'Canis lupus familiaris', 'Mus musculus', 'Dermacentor nuttalli']
NC_043452	1003835	['Homo sapiens']
NC_043208	426788	[]
NC_043050	603003	['Aedes albopictus', 'Anopheles sp.', 'Culex sp.']
NC_043047	1457166	['Aedes albopictus', 'Culex declarator']
NC_027716	1457386	['', 'Ixodes']
NC_038259	3052627	['Aedes albopictus', 'Culex quinquefasciatus', 'Culex tarsalis', 'Culex annulirostris', 'Culex sitiens']
NC_038263	3052631	['Aedes aegypti']
NC_037617	1457322	['Chlorocebus aethiops', 'Phlebotomus perniciosus']
NC_037615	1764085	['Phlebotomus tobbi', 'Phlebotomus perfiliewi']
NC_037613	1764086	['Chlorocebus aethiops', 'Homo sapiens', 'Phlebotomus papatasi', 'Phlebotomus tobbi', 'Phlebotomus perfiliewi', 'Sergentomyia sp.', 'Phlebotomus sp.']
NC_036606	1851087	['Chlorocebus aethiops', 'Homo sapiens', 'Mesocricetus auratus', 'Haemaphysalis flava']
NC_033831	1048854	['Homo sapiens']
NC_029129	1611877	['Chlorocebus aethiops']
NC_027142	1213620	['Canis lupus familiaris', 'Rhipicephalus decoloratus']
NC_024496	1216928	['Amblyomma americanum', 'Didelphis virginiana', 'Chlorocebus aethiops', 'Macaca mulatta', 'Homo sapiens', 'Canis latrans', 'Procyon lotor', 'Equus caballus', 'Odocoileus virginianus', 'Alces americanus']
NC_023634	904698	['Mus', 'Turdus libonyana peripheris', 'Culex antennatus']
NC_022632	1405807	['Dermacentor marginatus']
NC_021244	1219465	['Amblyomma americanum', 'Chlorocebus aethiops', 'Homo sapiens']
NC_018137	992212	['Homo sapiens', 'Canis lupus familiaris', 'Haemaphysalis longicornis']
NC_015452	1006583	['Lutzomyia sp.']
NC_015413	688699	['Homo sapiens']
NC_015375	629725	['Homo sapiens']
NC_014395	11588	['Aedes', 'Homo sapiens', 'Camelus bactrianus', 'Bos taurus', 'Capra hircus', 'Ovis aries', 'Phlebotomus papatasi', 'Bos taurus x Bison bison']
NC_006318	206160	['Phlebotominae', 'Homo sapiens', 'Mesocricetus auratus', 'Phlebotomus perniciosus', 'Phlebotomus perfiliewi']
NC_076102	109981	['Diachasmimorpha longicaudata']
NC_003310	10244	['Homo sapiens', 'Mus musculus', 'Gliridae', 'Cynomys gunnisoni', 'Cynomys ludovicianus', 'Cynomys leucurus', 'Cynomys mexicanus', 'Cynomys parvidens', 'Heliosciurus ruwenzorii']
NC_055231	2478919	['Macaca tonkeana']
NC_055230	2200830	['Chlorocebus aethiops', 'Homo sapiens', 'Apodemus flavicollis', 'Apodemus uralensis']
NC_055229	2042482	['Macropus giganteus']
NC_040577	2259792	[]
NC_036582	2059380	['Gallus gallus', 'Phoeniconaias minor']
NC_035469	2025360	['Homo sapiens']
NC_035468	2025359	['Chlorocebus aethiops', 'Alexandromys oeconomus']
NC_030656	1873698	['Pteropus scapulatus']
NC_066642	397342	['Equus caballus', 'Ovis aries']
NC_055228	1566307	['Macropus fuliginosus']
NC_037656	1416741	['Enhydra lutris kenyoni']
NC_035460	1329402	['Eptesicus fuscus', 'Chlorocebus aethiops aethiops']
NC_035188	187984	['Phocidae']
NC_031038	160796	['Chlorocebus aethiops', 'Mephitis mephitis']
NC_027707	1680908	['Salmo salar']
NC_025963	1579460	['Cervus elaphus']
NC_024446	648998	['Spheniscus demersus']
NC_021249	1293539	['Choristoneura rosaceana']
NC_021247	1293540	['Adoxophyes honmai']
NC_021246	1293572	['Mythimna separata']
NC_016924	930275	['Mus musculus']
NC_015960	1076255	['Mus musculus', 'Mammalia']
NC_008030	1285600	['Crocodylus niloticus', 'Crocodylus porosus', 'Crocodylus johnstoni']
NC_006966	305674	['Odocoileus hemionus']
NC_005337	129727	['Bos taurus', 'Ovis aries']
NC_004003	376852	['Capra hircus', 'Ovis aries']
NC_003027	376849	['Bos taurus']
NC_002642	132475	['Homo sapiens', 'Simiiformes']
NC_043363	28322	[]
NC_032111	67082	['Chlorocebus aethiops', 'Oryzomys sp.']
NC_031033	28874	['Chlorocebus aethiops', 'Microtus californicus']
NC_027213	10256	['Procyon lotor']
NC_024447	10264	['Columba livia']
NC_023426	62099	['Anomala cuprea']
NC_021248	10288	['Choristoneura fumiferana', 'Choristoneura rosaceana']
NC_008291	28871	['Tatera']
NC_005336	10258	['Homo sapiens', 'Bos taurus', 'Capra hircus', 'Ovis aries']
NC_005309	44088	['Serinus']
NC_005179	38804	['Macaca mulatta', 'Homo sapiens']
NC_003663	10243	['Callithrix jacchus', 'Homo sapiens', 'Canis lupus familiaris', 'Ailurus fulgens', 'Felis silvestris', 'Felis catus', 'Panthera leo', 'Panthera onca', 'Panthera pardus', 'Puma concolor', 'Elephas maximus', 'Loxodonta africana', 'Equus caballus', 'Tapirus indicus', 'Diceros bicornis', 'Bos taurus', 'Mus musculus', 'Rattus norvegicus', 'Apodemus sylvaticus', 'Castor fiber', 'Microtus agrestis', 'Acinonyx jubatus', 'Leopardus pardalis', 'Sorex araneus', 'Ceratotherium simum simum', 'Okapia johnstoni', 'Rhombomys opimus', 'Mungos mungo', 'Meriones libycus', 'Myodes glareolus', 'Puma yagouaroundi']
NC_004105	12643	['Mus musculus']
NC_004002	10266	['Capra hircus', 'Ovis aries']
NC_003391	28873	['Camelus']
NC_003389	10276	['Sus scrofa']
NC_001132	10273	['Oryctolagus cuniculus', 'Sylvilagus brasiliensis']
NC_002520	28321	['Lymantria dispar', 'Estigmene acrea', 'Amsacta']
NC_002188	10261	['Gallus gallus', 'Meleagris gallopavo']
NC_001266	10271	['Oryctolagus cuniculus', 'Sylvilagus floridanus']
NC_001993	83191	['Locusta migratoria', 'Schistocerca gregaria', 'Melanoplus differentialis', 'Melanoplus sanguinipes', 'Melanoplus packardii']
NC_001731	10280	['Homo sapiens']
NC_001611	10255	['Homo sapiens']
NC_035797	2029293	['Sciurus vulgaris']
NC_063383	10244	['Homo sapiens', 'Mus musculus', 'Gliridae', 'Cynomys gunnisoni', 'Cynomys ludovicianus', 'Cynomys leucurus', 'Cynomys mexicanus', 'Cynomys parvidens', 'Heliosciurus ruwenzorii']
NC_043465	109981	['Diachasmimorpha longicaudata']
NC_043464	109981	['Diachasmimorpha longicaudata']
NC_043463	109981	['Diachasmimorpha longicaudata']
NC_043462	109981	['Diachasmimorpha longicaudata']
NC_043461	109981	['Diachasmimorpha longicaudata']
NC_043460	109981	['Diachasmimorpha longicaudata']
NC_043459	109981	['Diachasmimorpha longicaudata']
NC_043458	109981	['Diachasmimorpha longicaudata']
NC_043457	109981	['Diachasmimorpha longicaudata']
NC_043456	109981	['Diachasmimorpha longicaudata']
NC_043455	109981	['Diachasmimorpha longicaudata']
NC_043454	109981	['Diachasmimorpha longicaudata']
NC_043366	28322	[]
NC_043365	28322	[]
NC_043364	28322	[]
NC_043179	538970	[]
NC_043178	400570	[]
NC_038921	10291	[]
NC_028238	336486	['Meleagris gallopavo']
NC_022563	240426	['Sciurus', 'Sciurus vulgaris']
NC_013804	129726	['Bos taurus']
NC_006998	10245	['Homo sapiens', 'Bos taurus']
OL965122	2983543	[]
MN820528	2730539	[]
MK353339	2499242	['Aedes albopictus']
MN733821	2679909	[]
MN207265	2597680	[]
MK959114	2601858	[]
AF252265	135246	['Ochlerotatus serratus']
KY303625	1930825	['Culex decens']
LC361437	2072351	[]
EF151503	1440170	['Culicidae', 'Sapajus apella', 'Anopheles cruzii', 'Anopheles moucheti']
AF075259	60879	['Anas platyrhynchos', 'Chlorocebus aethiops']
DQ241303	1440170	['Culicidae', 'Sapajus apella', 'Anopheles cruzii', 'Anopheles moucheti']
AF075258	332097	['Mesocricetus auratus']
AF075256	60876	['Gallus gallus', 'Mesocricetus auratus', 'Mus musculus', 'Anopheles nimbus']
AF075254	60877	['Homo sapiens', 'Mesocricetus auratus', 'Psarocolius decumanus', 'Culex portesi']
AF075253	60875	['Equus caballus']
AF075257	2083199	['Anas platyrhynchos', 'Chlorocebus aethiops', 'Homo sapiens', 'Cricetus cricetus', 'Carollia perspicillata', 'Melanoconion']
AF075251	2083198	['Anas platyrhynchos', 'Chlorocebus aethiops', 'Mesocricetus auratus', 'Melanoconion', 'Culex sp.']
KP003813	37124	['Aedes aegypti', 'Aedes albopictus', 'Cercopithecus', 'Macaca', 'Papio', 'Presbytis', 'Pan troglodytes', 'Homo sapiens', 'Aedes polynesiensis', 'Aedes furcifer']
AF126284	44158	['Aedes']
U34999	11036	['Didelphis marsupialis', 'Philander opossum', 'Homo sapiens', 'Equus asinus', 'Equus caballus', 'Bos taurus', 'Proechimys', 'Sigmodon hispidus', 'Melanoconion']
U94603	59304	['Psorophora ferox', 'Homo sapiens', 'Equus caballus']
JF972635	11033	['Aedes', 'Culex tritaeniorhynchus', 'Atelerix albiventris', 'Homo sapiens', 'Rhipicephalus', 'Quelea', 'Halcyon']
KP699763	1642950	[]
KM115530	11023	['Aedes', 'Ovis aries', 'Mansonia', 'Aedes vittatus']
KC149889	1534554	[]
KC149888	1534555	[]
KC149887	1529938	[]
KJ469640	1440170	['Culicidae', 'Sapajus apella', 'Anopheles cruzii', 'Anopheles moucheti']
KF981618	48542	['Culex modestus']
JX678730	1231903	['Anopheles coustani']
JQ799139	1183064	['Salmo salar']
HM147990	1159195	['Mirounga leonina']
HM147993	48543	['Aves']
HM147992	59304	['Psorophora ferox', 'Homo sapiens', 'Equus caballus']
HM147991	135246	['Ochlerotatus serratus']
HM147989	59302	['Aedes']
HM147986	48541	['Petrochelidon pyrrhonota']
HM147985	59305	['Mus sp.']
HM147984	48540	['Aves']
AY702913	59300	['Aedes aegypti', 'Aedes albopictus', 'Culex quinquefasciatus', 'Mus musculus']
L01442	11036	['Didelphis marsupialis', 'Philander opossum', 'Homo sapiens', 'Equus asinus', 'Equus caballus', 'Bos taurus', 'Proechimys', 'Sigmodon hispidus', 'Melanoconion']
L00930	11036	['Didelphis marsupialis', 'Philander opossum', 'Homo sapiens', 'Equus asinus', 'Equus caballus', 'Bos taurus', 'Proechimys', 'Sigmodon hispidus', 'Melanoconion']
L04653	11036	['Didelphis marsupialis', 'Philander opossum', 'Homo sapiens', 'Equus asinus', 'Equus caballus', 'Bos taurus', 'Proechimys', 'Sigmodon hispidus', 'Melanoconion']
AF369024	37124	['Aedes aegypti', 'Aedes albopictus', 'Cercopithecus', 'Macaca', 'Papio', 'Presbytis', 'Pan troglodytes', 'Homo sapiens', 'Aedes polynesiensis', 'Aedes furcifer']
AF214040	11039	['Aedes', 'Anopheles', 'Culex tarsalis', 'Lithobates pipiens', 'Homo sapiens', 'Equus caballus', 'Cervidae', 'Haemorhous mexicanus', 'Thamnophis', 'Urocitellus richardsonii', 'Lepus americanus', 'Passer domesticus', 'Culex', 'Culex sp.']
AF103728	11034	['Aedes', 'Homo sapiens', 'Motacilla alba', 'Acrocephalus scirpaceus', 'Culex', 'Streptopelia turtur']
AF237947	59301	['Aedes aegypti', 'Haemagogus', 'Homo sapiens']
AF375051	11036	['Didelphis marsupialis', 'Philander opossum', 'Homo sapiens', 'Equus asinus', 'Equus caballus', 'Bos taurus', 'Proechimys', 'Sigmodon hispidus', 'Melanoconion']
AF075255	11036	['Didelphis marsupialis', 'Philander opossum', 'Homo sapiens', 'Equus asinus', 'Equus caballus', 'Bos taurus', 'Proechimys', 'Sigmodon hispidus', 'Melanoconion']
AF103734	84272	['Aedes albopictus', 'Chlorocebus aethiops', 'Homo sapiens', 'Mesocricetus auratus']
AF079457	79899	['Mus musculus']
AF079456	2169701	['Homo sapiens']
GQ287646	11039	['Aedes', 'Anopheles', 'Culex tarsalis', 'Lithobates pipiens', 'Homo sapiens', 'Equus caballus', 'Cervidae', 'Haemorhous mexicanus', 'Thamnophis', 'Urocitellus richardsonii', 'Lepus americanus', 'Passer domesticus', 'Culex', 'Culex sp.']
FJ827631	11024	['Buteo jamaicensis']
GQ433354	11029	['Aedes', 'Macropus sp.', 'Homo sapiens', 'Culex annulirostris']
AF429428	11034	['Aedes', 'Homo sapiens', 'Motacilla alba', 'Acrocephalus scirpaceus', 'Culex', 'Streptopelia turtur']
U38304	44419	['Homo sapiens', 'Mesocricetus auratus', 'Mus musculus']
M69205	31699	['Aedes', 'Homo sapiens', 'Motacilla alba', 'Acrocephalus scirpaceus', 'Culex', 'Streptopelia turtur']
J02363	11034	['Aedes', 'Homo sapiens', 'Motacilla alba', 'Acrocephalus scirpaceus', 'Culex', 'Streptopelia turtur']
M20162	11029	['Aedes', 'Macropus sp.', 'Homo sapiens', 'Culex annulirostris']
GQ281603	48544	['Cimex vicarius']
M20303	2169701	['Homo sapiens']
EF011023	97469	['Culex']
EF536323	11023	['Aedes', 'Ovis aries', 'Mansonia', 'Aedes vittatus']
U73745	11020	['Macropus', 'Chlorocebus aethiops', 'Homo sapiens', 'Mus musculus', 'Anopheles amictus', 'Culex annulirostris']
X63135	11021	['Aedes', 'Passeriformes', 'Homo sapiens', 'Equus caballus', 'Ochlerotatus canadensis', 'Culiseta melanura']
AJ316244	84589	['Salmo salar', 'Oncorhynchus tshawytscha']
AJ316246	78540	['Oncorhynchus mykiss', 'Salmo salar']
X04129	11033	['Aedes', 'Culex tritaeniorhynchus', 'Atelerix albiventris', 'Homo sapiens', 'Rhipicephalus', 'Quelea', 'Halcyon']
AB032553	59303	['Aedes vexans', 'Culex tritaeniorhynchus', 'Homo sapiens', 'Vulpes vulpes', 'Equus caballus', 'Sus scrofa']
